Database,Table,Field,DataType,Key,NullValues,AutoIncrement,ReferenceFields,Description,Relation,Type,Interface
OmniSeqKnowledgebase2,Author,surname,varchar(250),,N,N,,,,String,
OmniSeqKnowledgebase2,Author,firstInitial,varchar(100),,N,N,,,,String,
OmniSeqKnowledgebase2,Author,graph_id,varchar(100),Primary,N,N,,,,String,
OmniSeqKnowledgebase2,Journal,name,varchar(250),,N,N,,,,String,
OmniSeqKnowledgebase2,Journal,graph_id,varchar(100),Primary,N,N,,,,String,
OmniSeqKnowledgebase2,LiteratureReference,PMID,varchar(20),,Y,N,,,,String,Reference
OmniSeqKnowledgebase2,LiteratureReference,DOI,varchar(100),,Y,N,,,,String,Reference
OmniSeqKnowledgebase2,LiteratureReference,authors,varchar(100),,Y,N,Author_graph_id,,AUTHORED_BY,List,Reference
OmniSeqKnowledgebase2,LiteratureReference,title,varchar(1000),,Y,N,,,,String,Reference
OmniSeqKnowledgebase2,LiteratureReference,Journal_graph_id,varchar(100),Foreign,N,N,Journal.graph_id,,PUBLISHED_IN,id,Reference
OmniSeqKnowledgebase2,LiteratureReference,volume,varchar(20),,Y,N,,,,String,Reference
OmniSeqKnowledgebase2,LiteratureReference,firstPage,varchar(20),,Y,N,,,,String,Reference
OmniSeqKnowledgebase2,LiteratureReference,lastPage,varchar(20),,Y,N,,,,String,Reference
OmniSeqKnowledgebase2,LiteratureReference,publicationYear,varchar(20),,Y,N,,,,String,Reference
OmniSeqKnowledgebase2,LiteratureReference,shortReference,varchar(200),,Y,N,,,,String,Reference
OmniSeqKnowledgebase2,LiteratureReference,abstract,varchar(8000),,Y,N,,,,String,Reference
OmniSeqKnowledgebase2,LiteratureReference,graph_id,varchar(100),Primary,N,N,,,,String,Reference
OmniSeqKnowledgebase2,LiteratureReference_Author,id,MEDIUMINT,Primary,N,Y,,,,,
OmniSeqKnowledgebase2,LiteratureReference_Author,Author_graph_id,varchar(100),Foreign,Y,N,Author.graph_id,,,,
OmniSeqKnowledgebase2,LiteratureReference_Author,LiteratureReference_graph_id,varchar(100),Foreign,Y,N,LiteratureReference.graph_id,,,,
OmniSeqKnowledgebase2,InternetReference,accessedDate,varchar(100),,Y,N,,,,,
OmniSeqKnowledgebase2,InternetReference,webAddress,varchar(100),,Y,N,,,,,
OmniSeqKnowledgebase2,InternetReference,shortReference,varchar(200),,y,N,,,,,
OmniSeqKnowledgebase2,InternetReference,graph_id,varchar(100),Primary,N,N,,,,,
OmniSeqKnowledgebase2,User,name,varchar(100),,Y,N,,,,String,
OmniSeqKnowledgebase2,User,password,varchar(100),,Y,N,,,,String,
OmniSeqKnowledgebase2,User,isAdmin,varchar(50),,Y,N,,,,Boolean,
OmniSeqKnowledgebase2,User,isEditor,varchar(50),,Y,N,,,,Boolean,
OmniSeqKnowledgebase2,User,graph_id,varchar(100),Primary,Y,N,,,,id,
OmniSeqKnowledgebase2,EditableStatement,field,varchar(100),,N,N,,,,String,EditableObject
OmniSeqKnowledgebase2,EditableStatement,statement,varchar(8000),,N,N,,,,String,EditableObject
OmniSeqKnowledgebase2,EditableStatement,editDate,varchar(50),,N,N,,,,String,EditableObject
OmniSeqKnowledgebase2,EditableStatement,editorId,varchar(100),Foreign,N,N,User.graph_id,,EDITED_BY,id,EditableObject
OmniSeqKnowledgebase2,EditableStatement,references,varchar(100),Foreign,N,N,LiteratureReference_graph_id|InternetReference_graph_id,,REFERENCE_FOR,List,EditableObject
OmniSeqKnowledgebase2,EditableStatement,graph_id,varchar(100),Primary,N,N,,,,String,EditableObject
OmniSeqKnowledgebase2,EditableStatement_LiteratureReference,id,MEDIUMINT,Primary,N,Y,,,,String,
OmniSeqKnowledgebase2,EditableStatement_LiteratureReference,EditableStatement_graph_id,varchar(100),Foreign,N,N,EditableStatement.graph_id,,,String,
OmniSeqKnowledgebase2,EditableStatement_LiteratureReference,LiteratureReference_graph_id,varchar(100),Foreign,N,N,LiteratureReference.graph_id,,,String,
OmniSeqKnowledgebase2,EditableStatement_InternetReference,id,MEDIUMINT,Primary,N,Y,,,,String,
OmniSeqKnowledgebase2,EditableStatement_InternetReference,EditableStatement_graph_id,varchar(100),Foreign,N,N,EditableStatement.graph_id,,,String,
OmniSeqKnowledgebase2,EditableStatement_InternetReference,InternetReference_graph_id,varchar(100),Foreign,N,N,InternetReference.graph_id,,,String,
OmniSeqKnowledgebase2,EditableStringList,field,varchar(100),,N,N,,,,String,EditableObject
OmniSeqKnowledgebase2,EditableStringList,stringList,varchar(100),,N,N,,,,piped_list,EditableObject
OmniSeqKnowledgebase2,EditableStringList,editDate,varchar(50),,N,N,,,,String,EditableObject
OmniSeqKnowledgebase2,EditableStringList,editorId,varchar(100),Foreign,N,N,User.graph_id,,EDITED_BY,id,EditableObject
OmniSeqKnowledgebase2,EditableStringList,references,varchar(100),Foreign,N,N,LiteratureReference_graph_id|InternetReference_graph_id,,REFERENCE_FOR,List,EditableObject
OmniSeqKnowledgebase2,EditableStringList,graph_id,varchar(100),Primary,N,N,,,,String,EditableObject
OmniSeqKnowledgebase2,EditableStringList_LiteratureReference,id,MEDIUMINT,Primary,N,Y,,,,String,
OmniSeqKnowledgebase2,EditableStringList_LiteratureReference,EditableStatement_graph_id,varchar(100),Foreign,N,N,EditableStatement.graph_id,,,String,
OmniSeqKnowledgebase2,EditableStringList_LiteratureReference,LiteratureReference_graph_id,varchar(100),Foreign,N,N,LiteratureReference.graph_id,,,String,
OmniSeqKnowledgebase2,EditableStringList_InternetReference,id,MEDIUMINT,Primary,N,Y,,,,String,
OmniSeqKnowledgebase2,EditableStringList_InternetReference,EditableStatement_graph_id,varchar(100),Foreign,N,N,EditableStatement.graph_id,,,String,
OmniSeqKnowledgebase2,EditableStringList_InternetReference,InternetReference_graph_id,varchar(100),Foreign,N,N,InternetReference.graph_id,,,String,
OmniSeqKnowledgebase2,JaxGene,name,varchar(100),,N,N,,,,String,
OmniSeqKnowledgebase2,JaxGene,canonicalTranscript_graph_id,varchar(50),Foreign,N,N,EditableStatement.graph_id,,TRANSCRIBED_BY,id,
OmniSeqKnowledgebase2,JaxGene,chromosome,varchar(50),,Y,N,,,,String,
OmniSeqKnowledgebase2,JaxGene,entrezId,varchar(50),,Y,N,,,,String,
OmniSeqKnowledgebase2,JaxGene,jaxId,varchar(50),,Y,N,,,,String,
OmniSeqKnowledgebase2,JaxGene,description_graph_id,varchar(50),Foreign,N,N,EditableStatement.graph_id,,DESCRIBED_BY,id,
OmniSeqKnowledgebase2,JaxGene,synonyms_graph_id,varchar(50),Foreign,N,N,EditableStringList.graph_id,,ALSO_NAMED,id,
OmniSeqKnowledgebase2,JaxGene,graph_id,varchar(100),Primary,N,N,,,,String,
OmniSeqKnowledgebase2,MyGeneInfoGene,name,varchar(100),,N,N,,,,String,
OmniSeqKnowledgebase2,MyGeneInfoGene,chromosome,varchar(20),,Y,N,,,,String,
OmniSeqKnowledgebase2,MyGeneInfoGene,strand,varchar(10),,Y,N,,,,String,
OmniSeqKnowledgebase2,MyGeneInfoGene,startPos,varchar(10),,Y,N,,,,String,
OmniSeqKnowledgebase2,MyGeneInfoGene,endPos,varchar(10),,Y,N,,,,String,
OmniSeqKnowledgebase2,MyGeneInfoGene,entrezId,varchar(50),,Y,N,,,,String,
OmniSeqKnowledgebase2,MyGeneInfoGene,description_graph_id,varchar(100),Foreign,N,N,EditableStatement.graph_id,,DESCRIBED_BY,id,
OmniSeqKnowledgebase2,MyGeneInfoGene,graph_id,varchar(100),Primary,N,N,,,,String,
OmniSeqKnowledgebase2,UniprotEntry,name,varchar(100),,N,N,,,,String,
OmniSeqKnowledgebase2,UniprotEntry,accessionNumber,varchar(100),,N,N,,,,String,
OmniSeqKnowledgebase2,UniprotEntry,uniprotId,varchar(100),,N,N,,,,String,
OmniSeqKnowledgebase2,UniprotEntry,function_graph_id,varchar(100),Foreign,N,N,EditableStatement.graph_id,,DESCRIBED_BY,id,
OmniSeqKnowledgebase2,UniprotEntry,gene_graph_id,varchar(100),Foreign,N,N,MyGeneInfoGene.graph_id,,CODED_BY,id,
OmniSeqKnowledgebase2,UniprotEntry,graph_id,varchar(100),Primary,N,N,,,,String,
OmniSeqKnowledgebase2,OmniGene,name,varchar(100),,N,N,,,,String,
OmniSeqKnowledgebase2,OmniGene,names,varchar(1000),,N,N,,,,String,
OmniSeqKnowledgebase2,OmniGene,panelName_graph_id,varchar(100),,N,N,EditableStatement.graph_id,,PANEL,id,
OmniSeqKnowledgebase2,OmniGene,geneDescription_graph_id,varchar(100),Foreign,N,N,EditableStatement.graph_id,,DESCRIBED_BY,id,
OmniSeqKnowledgebase2,OmniGene,oncogenicCategory_graph_id,varchar(100),Foreign,N,N,EditableStatement.graph_id,,CATEGORIZED_AS,id,
OmniSeqKnowledgebase2,OmniGene,synonyms_graph_id,varchar(100),Foreign,N,N,EditableStringList.graph_id,,ALSO_NAMED,id,
OmniSeqKnowledgebase2,OmniGene,transcript_graph_id,varchar(100),Foreign,N,N,EditableStatement.graph_id,,TRANSCRIBED_BY,id,
OmniSeqKnowledgebase2,OmniGene,MyGeneInfoGene_graph_id,varchar(100),Foreign,N,N,MyGeneInfoGene.graph_id,,GENE_INFO,id,
OmniSeqKnowledgebase2,OmniGene,JaxGene_graph_id,varchar(100),Foreign,Y,N,JaxGene.graph_id,,JAX_INFO,id,
OmniSeqKnowledgebase2,OmniGene,UniprotEntry_graph_Id,varchar(100),Foreign,N,N,UniprotEntry.graph_id,,PROTEIN_INFO,id,
OmniSeqKnowledgebase2,OmniGene,graph_id,varchar(100),Primary,N,N,,,,String,
OmniSeqKnowledgebase2,EditableInt,field,varchar(100),,N,N,,,,String,EditableObject
OmniSeqKnowledgebase2,EditableInt,intValue,varchar(50),,N,N,,,,Int,EditableObject
OmniSeqKnowledgebase2,EditableInt,editDate,varchar(50),,N,N,,,,String,EditableObject
OmniSeqKnowledgebase2,EditableInt,editorId,varchar(100),Foreign,N,N,User.graph_id,,EDITED_BY,id,EditableObject
OmniSeqKnowledgebase2,EditableInt,references,varchar(100),Foreign,N,N,LiteratureReference_graph_id|InternetReference_graph_id,,REFERENCE_FOR,List,EditableObject
OmniSeqKnowledgebase2,EditableInt,graph_id,varchar(100),Primary,N,N,,,,String,EditableObject
OmniSeqKnowledgebase2,EditableInt_LiteratureReference,id,MEDIUMINT,Primary,N,Y,,,,,
OmniSeqKnowledgebase2,EditableInt_LiteratureReference,EditableInt_graph_id,varchar(100),Foreign,N,N,EditableInt.graph_id,,,,
OmniSeqKnowledgebase2,EditableInt_LiteratureReference,LiteratureReference_graph_id,varchar(100),Foreign,N,N,LiteratureReference.graph_id,,,,
OmniSeqKnowledgebase2,EditableInt_InternetReference,id,MEDIUMINT,Primary,N,Y,,,,,
OmniSeqKnowledgebase2,EditableInt_InternetReference,EditableInt_graph_id,varchar(100),Foreign,N,N,EditableInt.graph_id,,,,
OmniSeqKnowledgebase2,EditableInt_InternetReference,InternetReference_graph_id,varchar(100),Foreign,N,N,InternetReference.graph_id,,,,
OmniSeqKnowledgebase2,EditableBoolean,field,varchar(100),,N,N,,,,,
OmniSeqKnowledgebase2,EditableBoolean,booleanValue,varchar(50),,N,N,,,,,
OmniSeqKnowledgebase2,EditableBoolean,editDate,varchar(50),,N,N,,,,,
OmniSeqKnowledgebase2,EditableBoolean,editorId,varchar(100),Foreign,N,N,User.graph_id,,EDITED_BY,,
OmniSeqKnowledgebase2,EditableBoolean,references,varchar(100),Foreign,N,N,,,REFERENCE_FOR,,
OmniSeqKnowledgebase2,EditableBoolean,graph_id,varchar(100),Primary,N,N,,,,,
OmniSeqKnowledgebase2,EditableBoolean_LiteratureReference,id,MEDIUMINT,Primary,N,Y,,,,,
OmniSeqKnowledgebase2,EditableBoolean_LiteratureReference,EditableInt_graph_id,varchar(100),Foreign,N,N,EditableBoolean.graph_id,,,,
OmniSeqKnowledgebase2,EditableBoolean_LiteratureReference,LiteratureReference_graph_id,varchar(100),Foreign,N,N,LiteratureReference.graph_id,,,,
OmniSeqKnowledgebase2,EditableBoolean_InternetReference,id,MEDIUMINT,Primary,N,Y,,,,,
OmniSeqKnowledgebase2,EditableBoolean_InternetReference,EditableInt_graph_id,varchar(100),Foreign,N,N,EditableBoolean.graph_id,,,,
OmniSeqKnowledgebase2,EditableBoolean_InternetReference,InternetReference_graph_id,varchar(100),Foreign,N,N,InternetReference.graph_id,,,,
OmniSeqKnowledgebase2,EditableCopyChange,field,varchar(100),,N,N,,,,,
OmniSeqKnowledgebase2,EditableCopyChange,cnvType,varchar(50),,N,N,,,,,
OmniSeqKnowledgebase2,EditableCopyChange,editDate,varchar(50),,N,N,,,,,
OmniSeqKnowledgebase2,EditableCopyChange,editorId,varchar(100),Foreign,N,N,User.graph_id,,EDITED_BY,,
OmniSeqKnowledgebase2,EditableCopyChange,references,varchar(100),Foreign,N,N,,,REFERENCE_FOR,,
OmniSeqKnowledgebase2,EditableCopyChange,graph_id,varchar(100),Primary,N,N,,,,,
OmniSeqKnowledgebase2,EditableCopyChange_LiteratureReference,id,MEDIUMINT,Primary,N,Y,,,,,
OmniSeqKnowledgebase2,EditableCopyChange_LiteratureReference,EditableInt_graph_id,varchar(100),Foreign,N,N,EditableCopyChange.graph_id,,,,
OmniSeqKnowledgebase2,EditableCopyChange_LiteratureReference,LiteratureReference_graph_id,varchar(100),Foreign,N,N,LiteratureReference.graph_id,,,,
OmniSeqKnowledgebase2,EditableCopyChange_InternetReference,id,MEDIUMINT,Primary,N,Y,,,,,
OmniSeqKnowledgebase2,EditableCopyChange_InternetReference,EditableInt_graph_id,varchar(100),Foreign,N,N,EditableCopyChange.graph_id,,,,
OmniSeqKnowledgebase2,EditableCopyChange_InternetReference,InternetReference_graph_id,varchar(100),Foreign,N,N,InternetReference.graph_id,,,,
OmniSeqKnowledgebase2,EditableProteinEffect,field,varchar(100),,N,N,,,,,
OmniSeqKnowledgebase2,EditableProteinEffect,proteinEffect,varchar(50),,N,N,,,,,
OmniSeqKnowledgebase2,EditableProteinEffect,editDate,varchar(50),,N,N,,,,,
OmniSeqKnowledgebase2,EditableProteinEffect,editorId,varchar(100),Foreign,N,N,User.graph_id,,EDITED_BY,,
OmniSeqKnowledgebase2,EditableProteinEffect,references,varchar(100),Foreign,N,N,,,REFERENCE_FOR,,
OmniSeqKnowledgebase2,EditableProteinEffect,graph_id,varchar(100),Primary,N,N,,,,,
OmniSeqKnowledgebase2,EditableProteinEffect_LiteratureReference,id,MEDIUMINT,Primary,N,Y,,,,,
OmniSeqKnowledgebase2,EditableProteinEffect_LiteratureReference,EditableInt_graph_id,varchar(100),Foreign,N,N,EditableProteinEffect.graph_id,,,,
OmniSeqKnowledgebase2,EditableProteinEffect_LiteratureReference,LiteratureReference_graph_id,varchar(100),Foreign,N,N,LiteratureReference.graph_id,,,,
OmniSeqKnowledgebase2,EditableProteinEffect_InternetReference,id,MEDIUMINT,Primary,N,Y,,,,,
OmniSeqKnowledgebase2,EditableProteinEffect_InternetReference,EditableInt_graph_id,varchar(100),Foreign,N,N,EditableProteinEffect.graph_id,,,,
OmniSeqKnowledgebase2,EditableProteinEffect_InternetReference,InternetReference_graph_id,varchar(100),Foreign,N,N,InternetReference.graph_id,,,,
OmniSeqKnowledgebase2,EditableOmniGeneReference,field,varchar(100),,N,N,,,,,
OmniSeqKnowledgebase2,EditableOmniGeneReference,gene_graph_id,varchar(100),Foreign,Y,N,OmniGene.graph_id,,,,
OmniSeqKnowledgebase2,EditableOmniGeneReference,editDate,varchar(50),,N,N,,,,,
OmniSeqKnowledgebase2,EditableOmniGeneReference,editorId,varchar(100),Foreign,N,N,User.graph_id,,EDITED_BY,,
OmniSeqKnowledgebase2,EditableOmniGeneReference,references,varchar(100),Foreign,N,N,,,REFERENCE_FOR,,
OmniSeqKnowledgebase2,EditableOmniGeneReference,graph_id,varchar(100),Primary,N,N,,,,,
OmniSeqKnowledgebase2,EditableOmniGeneReference_LiteratureReference,id,MEDIUMINT,Primary,N,Y,,,,,
OmniSeqKnowledgebase2,EditableOmniGeneReference_LiteratureReference,EditableInt_graph_id,varchar(100),Foreign,N,N,EditableProteinEffect.graph_id,,,,
OmniSeqKnowledgebase2,EditableOmniGeneReference_LiteratureReference,LiteratureReference_graph_id,varchar(100),Foreign,N,N,LiteratureReference.graph_id,,,,
OmniSeqKnowledgebase2,EditableOmniGeneReference_InternetReference,id,MEDIUMINT,Primary,N,Y,,,,,
OmniSeqKnowledgebase2,EditableOmniGeneReference_InternetReference,EditableInt_graph_id,varchar(100),Foreign,N,N,EditableProteinEffect.graph_id,,,,
OmniSeqKnowledgebase2,EditableOmniGeneReference_InternetReference,InternetReference_graph_id,varchar(100),Foreign,N,N,InternetReference.graph_id,,,,
OmniSeqKnowledgebase2,JaxVariant,name,varchar(100),,N,N,,,,,
OmniSeqKnowledgebase2,JaxVariant,description_graph_id,varchar(100),Foreign,N,N,EditableStatement.graph_id,,DESCRIBED_BY,,
OmniSeqKnowledgebase2,JaxVariant,jaxId,varchar(50),,Y,N,,,,,
OmniSeqKnowledgebase2,JaxVariant,jaxGene_graph_id,varchar(100),Foreign,Y,N,JaxGene.graph_id,,CODED_BY,,
OmniSeqKnowledgebase2,JaxVariant,pDot,varchar(100),,N,N,,,,,
OmniSeqKnowledgebase2,JaxVariant,cDot,varchar(100),,N,N,,,,,
OmniSeqKnowledgebase2,JaxVariant,gDot,varchar(100),,N,N,,,,,
OmniSeqKnowledgebase2,JaxVariant,transcript_graph_id,varchar(100),Foreign,N,N,EditableStatement.graph_id,,TRANSCRIBED_BY,,
OmniSeqKnowledgebase2,JaxVariant,variantType,varchar(100),,Y,N,,,,,
OmniSeqKnowledgebase2,JaxVariant,proteinEffect_graph_id,varchar(100),Foreign,N,N,EditableStatement.graph_id,,PROTEIN_EFFECT,,
OmniSeqKnowledgebase2,JaxVariant,graph_id,varchar(100),Primary,N,N,,,,,
OmniSeqKnowledgebase2,ClinVarVariant,variantId,varchar(100),,N,N,,,,,
OmniSeqKnowledgebase2,ClinVarVariant,gene,varchar(100),,N,N,,,,,
OmniSeqKnowledgebase2,ClinVarVariant,pDot,varchar(100),,N,N,,,,,
OmniSeqKnowledgebase2,ClinVarVariant,cDot,varchar(100),,N,N,,,,,
OmniSeqKnowledgebase2,ClinVarVariant,significance_graph_id,varchar(100),Foreign,N,N,EditableStatement.graph_id,,SIGNIFICANCE,,
OmniSeqKnowledgebase2,ClinVarVariant,signficanceExplanation_graph_id,varchar(100),Foreign,N,N,EditableStatement.graph_id,,EXPLAINED_BY,,
OmniSeqKnowledgebase2,ClinVarVariant,graph_id,varchar(100),Primary,N,N,,,,,
OmniSeqKnowledgebase2,OncoTreeOccurrence,disease_graph_id,varchar(100),Foreign,N,N,EditableStatement.graph_id,,DISEASE_OCCURRENCE,,
OmniSeqKnowledgebase2,OncoTreeOccurrence,oncoTreeCode,varchar(100),,N,N,,,,,
OmniSeqKnowledgebase2,OncoTreeOccurrence,percentOccurrence_graph_id,varchar(100),Foreign,,N,EditableStatement.graph_id,,PERCENT,,
OmniSeqKnowledgebase2,OncoTreeOccurrence,occurrences_graph_id,varchar(100),Foreign,,N,EditableInt.graph_id,,OCCURS,,
OmniSeqKnowledgebase2,OncoTreeOccurrence,totalSamples_graph_id,varchar(100),Foreign,,N,EditableInt.graph_id,,TOTAL,,
OmniSeqKnowledgebase2,OncoTreeOccurrence,perThousandOccurrence,varchar(50),,N,N,,,,,
OmniSeqKnowledgebase2,OncoTreeOccurrence,hotspotvariant_graph_id,varchar(100),Primary,N,N,,,,,
OmniSeqKnowledgebase2,OncoTreeOccurrence,graph_id,varchar(100),Primary,N,N,,,,,
OmniSeqKnowledgebase2,HotSpotVariant,name,varchar(100),,N,N,,,,,
OmniSeqKnowledgebase2,HotSpotVariant,gene,varchar(100),,N,N,,,,,
OmniSeqKnowledgebase2,HotSpotVariant,referenceAminoAcid,varchar(100),,N,N,,,,,
OmniSeqKnowledgebase2,HotSpotVariant,variantAminoAcid,varchar(100),,N,N,,,,,
OmniSeqKnowledgebase2,HotSpotVariant,begin,varchar(100),,N,N,,,,,
OmniSeqKnowledgebase2,HotSpotVariant,end,varchar(100),,N,N,,,,,
OmniSeqKnowledgebase2,HotSpotVariant,position,MEDIUMINT,,N,N,,,,,
OmniSeqKnowledgebase2,HotSpotVariant,graph_id,varchar(100),Primary,N,N,,,,,
OmniSeqKnowledgebase2,GOVariant,name_graph_id,varchar(100),Foreign,N,N,EditableStatement.graph_id,,NAMED,,
OmniSeqKnowledgebase2,GOVariant,gene,varchar(100),,N,N,,,,,
OmniSeqKnowledgebase2,GOVariant,goId,varchar(50),,Y,N,,,,,
OmniSeqKnowledgebase2,GOVariant,mutationType,varchar(100),,N,N,,,,,
OmniSeqKnowledgebase2,GOVariant,jaxVariant_graph_id,varchar(100),Foreign,Y,N,JaxVariant.graph_id,,GO_VARIANT,,
OmniSeqKnowledgebase2,GOVariant,graph_id,varchar(100),Primary,N,N,,,,,
OmniSeqKnowledgebase2,VariantSNVIndel,name_graph_id,varchar(100),Foreign,,N,EditableStatement.graph_id,,NAMED,,
OmniSeqKnowledgebase2,VariantSNVIndel,description_graph_id,varchar(100),Foreign,N,N,EditableStatement.graph_id,,DESCRIBED_BY,,
OmniSeqKnowledgebase2,VariantSNVIndel,nonCanonicalTranscript_graph_id,varchar(100),Foreign,,N,EditableStatement.graph_id,,TRANSCRIBED_BY,,
OmniSeqKnowledgebase2,VariantSNVIndel,jaxVariant_graph_id,varchar(100),Foreign,Y,N,JaxVariant.graph_id,,G_J_VARIANT,,
OmniSeqKnowledgebase2,VariantSNVIndel,clinVarVariant_graph_id,varchar(100),Foreign,Y,N,ClinVarVariant.graph_id,,G_CV_VARIANT,,
OmniSeqKnowledgebase2,VariantSNVIndel,hotSpotVariant_graph_id,varchar(100),Foreign,Y,N,HotSpotVariant.graph_id,,G_HS_VARIANT,,
OmniSeqKnowledgebase2,VariantSNVIndel,goVariant_graph_id,varchar(100),Foreign,Y,N,GOVariant.graph_id,,G_GO_VARIANT,,
OmniSeqKnowledgebase2,VariantSNVIndel,gene_graph_id,varchar(100),Foreign,Y,N,OmniGene.graph_id,,VARIANT_OF,,
OmniSeqKnowledgebase2,VariantSNVIndel,variantType,varchar(100),,Y,N,,,,,
OmniSeqKnowledgebase2,VariantSNVIndel,indelType,varchar(100),,Y,N,,,,,
OmniSeqKnowledgebase2,VariantSNVIndel,pDot_graph_id,varchar(100),Foreign,N,N,EditableStatement.graph_id,,PDOT,,
OmniSeqKnowledgebase2,VariantSNVIndel,cDot_graph_id,varchar(100),Foreign,N,N,EditableStatement.graph_id,,CDOT,,
OmniSeqKnowledgebase2,VariantSNVIndel,gDot_graph_id,varchar(100),Foreign,N,N,EditableStatement.graph_id,,GDOT,,
OmniSeqKnowledgebase2,VariantSNVIndel,exon_graph_id,varchar(100),Foreign,N,N,EditableStatement.graph_id,,EXON,,
OmniSeqKnowledgebase2,VariantSNVIndel,proteinEffect_graph_id,varchar(100),Foreign,N,N,EditableProteinEffect.graph_id,,PROTEIN_EFFECT,,
OmniSeqKnowledgebase2,VariantSNVIndel,graph_id,varchar(100),Primary,N,N,,,,,
OmniSeqKnowledgebase2,VariantRegion,name_graph_id,varchar(100),Foreign,,N,EditableStatement.graph_id,,NAMED,,
OmniSeqKnowledgebase2,VariantRegion,description_graph_id,varchar(100),Foreign,N,N,EditableStatement.graph_id,,DESCRIBED_BY,,
OmniSeqKnowledgebase2,VariantRegion,nonCanonicalTranscript_graph_id,varchar(100),Foreign,,N,EditableStatement.graph_id,,TRANSCRIBED_BY,,
OmniSeqKnowledgebase2,VariantRegion,jaxVariant_graph_id,varchar(100),Foreign,Y,N,JaxVariant.graph_id,,G_J_VARIANT,,
OmniSeqKnowledgebase2,VariantRegion,clinVarVariant_graph_id,varchar(100),Foreign,Y,N,ClinVarVariant.graph_id,,G_CV_VARIANT,,
OmniSeqKnowledgebase2,VariantRegion,hotSpotVariant_graph_id,varchar(100),Foreign,Y,N,HotSpotVariant.graph_id,,G_HS_VARIANT,,
OmniSeqKnowledgebase2,VariantRegion,goVariant_graph_id,varchar(100),Foreign,Y,N,GOVariant.graph_id,,G_GO_VARIANT,,
OmniSeqKnowledgebase2,VariantRegion,gene_graph_id,varchar(100),Foreign,Y,N,OmniGene.graph_id,,VARIANT_OF,,
OmniSeqKnowledgebase2,VariantRegion,regionType,varchar(100),,Y,N,,,,,
OmniSeqKnowledgebase2,VariantRegion,regionValue_graph_id,varchar(100),Foreign,,N,EditableInt.graph_id,,VALUE,,
OmniSeqKnowledgebase2,VariantRegion,variantType,varchar(100),,Y,N,,,,,
OmniSeqKnowledgebase2,VariantRegion,indelType,varchar(100),,Y,N,,,,,
OmniSeqKnowledgebase2,VariantRegion,isFrameshift_graph_id,varchar(100),Foreign,,N,EditableBoolean.graph_id,,FRAMESHIFT,,
OmniSeqKnowledgebase2,VariantRegion,isDeleterious_graph_id,varchar(100),Foreign,,N,EditableBoolean.graph_id,,DELETERIOUS,,
OmniSeqKnowledgebase2,VariantRegion,isTruncating_graph_id,varchar(100),Foreign,,N,EditableBoolean.graph_id,,TRUNCATING,,
OmniSeqKnowledgebase2,VariantRegion,proteinEffect_graph_id,varchar(100),Foreign,N,N,EditableProteinEffect.graph_id,,PROTEIN_EFFECT,,
OmniSeqKnowledgebase2,VariantRegion,graph_id,varchar(100),Primary,N,N,,,,,
OmniSeqKnowledgebase2,VariantCNV,name_graph_id,varchar(100),Foreign,,N,EditableStatement.graph_id,,NAMED,,
OmniSeqKnowledgebase2,VariantCNV,description_graph_id,varchar(100),Foreign,N,N,EditableStatement.graph_id,,DESCRIBED_BY,,
OmniSeqKnowledgebase2,VariantCNV,nonCanonicalTranscript_graph_id,varchar(100),Foreign,,N,EditableStatement.graph_id,,TRANSCRIBED_BY,,
OmniSeqKnowledgebase2,VariantCNV,jaxVariant_graph_id,varchar(100),Foreign,Y,N,JaxVariant.graph_id,,G_J_VARIANT,,
OmniSeqKnowledgebase2,VariantCNV,clinVarVariant_graph_id,varchar(100),Foreign,Y,N,ClinVarVariant.graph_id,,G_CV_VARIANT,,
OmniSeqKnowledgebase2,VariantCNV,hotSpotVariant_graph_id,varchar(100),Foreign,Y,N,HotSpotVariant.graph_id,,G_HS_VARIANT,,
OmniSeqKnowledgebase2,VariantCNV,goVariant_graph_id,varchar(100),Foreign,Y,N,GOVariant.graph_id,,G_GO_VARIANT,,
OmniSeqKnowledgebase2,VariantCNV,gene_graph_id,varchar(100),Foreign,Y,N,OmniGene.graph_id,,VARIANT_OF,,
OmniSeqKnowledgebase2,VariantCNV,copyChange_graph_id,varchar(100),Foreign,N,N,EditableCopyChange.graph_id,,COPY_CHANGE,,
OmniSeqKnowledgebase2,VariantCNV,graph_id,varchar(100),Primary,N,N,,,,,
OmniSeqKnowledgebase2,VariantFusion,name_graph_id,varchar(100),Foreign,,N,EditableStatement.graph_id,,NAMED,,
OmniSeqKnowledgebase2,VariantFusion,description_graph_id,varchar(100),Foreign,N,N,EditableStatement.graph_id,,DESCRIBED_BY,,
OmniSeqKnowledgebase2,VariantFusion,nonCanonicalTranscript_graph_id,varchar(100),Foreign,,N,EditableStatement.graph_id,,TRANSCRIBED_BY,,
OmniSeqKnowledgebase2,VariantFusion,jaxVariant_graph_id,varchar(100),Foreign,Y,N,JaxVariant.graph_id,,G_J_VARIANT,,
OmniSeqKnowledgebase2,VariantFusion,clinVarVariant_graph_id,varchar(100),Foreign,Y,N,ClinVarVariant.graph_id,,G_CV_VARIANT,,
OmniSeqKnowledgebase2,VariantFusion,hotSpotVariant_graph_id,varchar(100),Foreign,Y,N,HotSpotVariant.graph_id,,G_HS_VARIANT,,
OmniSeqKnowledgebase2,VariantFusion,goVariant_graph_id,varchar(100),Foreign,Y,N,GOVariant.graph_id,,G_GO_VARIANT,,
OmniSeqKnowledgebase2,VariantFusion,gene_graph_id,varchar(100),Foreign,Y,N,OmniGene.graph_id,,VARIANT_OF,,
OmniSeqKnowledgebase2,VariantFusion,gene5Prime_graph_id,varchar(100),Foreign,Y,N,EditableOmniGeneReference.graph_id,,GENE_5,,
OmniSeqKnowledgebase2,VariantFusion,exon5Prime_graph_id,varchar(100),Foreign,Y,N,EditableInt.graph_id,,EXON_5,,
OmniSeqKnowledgebase2,VariantFusion,gene3Prime_graph_id,varchar(100),Foreign,Y,N,EditableOmniGeneReference.graph_id,,GENE_3,,
OmniSeqKnowledgebase2,VariantFusion,exon3Prime_graph_id,varchar(100),Foreign,Y,N,EditableInt.graph_id,,EXON_3,,
OmniSeqKnowledgebase2,VariantFusion,copyChange_graph_id,varchar(100),Foreign,N,N,EditableCopyChange.graph_id,,COPY_CHANGE,,
OmniSeqKnowledgebase2,VariantFusion,graph_id,varchar(100),Primary,N,N,,,,,
OmniSeqKnowledgebase2,GenomicVariantMarker,name_graph_id,varchar(100),Foreign,,N,EditableStatement.graph_id,,NAMED,,
OmniSeqKnowledgebase2,GenomicVariantMarker,variant_graph_id,varchar(100),Foreign,Y,N,VariantSNVIndel.graph_id,,VARIANT,,
OmniSeqKnowledgebase2,GenomicVariantMarker,gene_graph_id,varchar(100),Foreign,Y,N,OmniGene.graph_id,,MARKER_OF,,
OmniSeqKnowledgebase2,GenomicVariantMarker,method_graph_id,varchar(100),Foreign,,N,EditableStatement.graph_id,,METHOD,,
OmniSeqKnowledgebase2,GenomicVariantMarker,graph_id,varchar(100),Primary,N,N,,,,,
OmniSeqKnowledgebase2,MSIMarker,name_graph_id,varchar(100),Foreign,,N,EditableStatement.graph_id,,NAMED,,
OmniSeqKnowledgebase2,MSIMarker,method_graph_id,varchar(100),Foreign,,N,EditableStatement.graph_id,,METHOD,,
OmniSeqKnowledgebase2,MSIMarker,resultString_graph_id,varchar(100),Foreign,,N,EditableStatement.graph_id,,RESULT,,
OmniSeqKnowledgebase2,MSIMarker,graph_id,varchar(100),Primary,N,N,,,,,
OmniSeqKnowledgebase2,TMBMarker,name_graph_id,varchar(100),Foreign,,N,EditableStatement.graph_id,,NAMED,,
OmniSeqKnowledgebase2,TMBMarker,method_graph_id,varchar(100),Foreign,,N,EditableStatement.graph_id,,METHOD,,
OmniSeqKnowledgebase2,TMBMarker,comparator_graph_id,varchar(100),Foreign,,N,EditableAssayComparator.graph_id,,COMPARED,,
OmniSeqKnowledgebase2,TMBMarker,resultMin_graph_id,varchar(100),Foreign,,N,EditableFloat.graph_id,,MIN,,
OmniSeqKnowledgebase2,TMBMarker,resultMax_graph_id,varchar(100),Foreign,,N,EditableFloat.graph_id,,MAX,,
OmniSeqKnowledgebase2,TMBMarker,resultUnits_graph_id,varchar(100),Foreign,,N,EditableStatement.graph_id,,UNITS,,
OmniSeqKnowledgebase2,TMBMarker,interpretations_graph_id,varchar(100),Foreign,,N,EditableTMBInterpretation.graph_id,,INTERPRETED,,
OmniSeqKnowledgebase2,TMBMarker,resultString_graph_id,varchar(100),Foreign,,N,EditableStatement.graph_id,,RESULT,,
OmniSeqKnowledgebase2,TMBMarker,graph_id,varchar(100),Primary,N,N,,,,,
OmniSeqKnowledgebase2,IHCAssay,name_graph_id,varchar(100),Foreign,,N,EditableStatement.graph_id,,NAMED,,
OmniSeqKnowledgebase2,IHCAssay,antibodyClone_graph_id,varchar(100),Foreign,,N,EditableStatement.graph_id,,CLONE,,
OmniSeqKnowledgebase2,IHCAssay,comparator_graph_id,varchar(100),Foreign,,N,EditableAssayComparator.graph_id,,COMPARED,,
OmniSeqKnowledgebase2,IHCAssay,resultMin_graph_id,varchar(100),Foreign,,N,EditableFloat.graph_id,,MIN,,
OmniSeqKnowledgebase2,IHCAssay,resultMax_graph_id,varchar(100),Foreign,,N,EditableFloat.graph_id,,MAX,,
OmniSeqKnowledgebase2,IHCAssay,resultString_graph_id,varchar(100),Foreign,,N,EditableStatement.graph_id,,RESULT,,
OmniSeqKnowledgebase2,IHCAssay,resultUnits_graph_id,varchar(100),Foreign,,N,EditableStatement.graph_id,,UNITS,,
OmniSeqKnowledgebase2,IHCAssay,graph_id,varchar(100),Primary,N,N,,,,,
OmniSeqKnowledgebase2,RNASeqAssay,name_graph_id,varchar(100),Foreign,,N,EditableStatement.graph_id,,NAMED,,
OmniSeqKnowledgebase2,RNASeqAssay,comparator_graph_id,varchar(100),Foreign,,N,EditableAssayComparator.graph_id,,COMPARED,,
OmniSeqKnowledgebase2,RNASeqAssay,resultMin_graph_id,varchar(100),Foreign,,N,EditableFloat.graph_id,,MIN,,
OmniSeqKnowledgebase2,RNASeqAssay,resultMax_graph_id,varchar(100),Foreign,,N,EditableFloat.graph_id,,MAX,,
OmniSeqKnowledgebase2,RNASeqAssay,resultType_graph_id,varchar(100),Foreign,,N,EditableRNASeqResultType.graph_id,,RESULT_TYPE,,
OmniSeqKnowledgebase2,RNASeqAssay,graph_id,varchar(100),Primary,N,N,,,,,
OmniSeqKnowledgebase2,ProteinExpressionMarker,name_graph_id,varchar(100),Foreign,,N,EditableStatement.graph_id,,NAMED,,
OmniSeqKnowledgebase2,ProteinExpressionMarker,method_graph_id,varchar(100),Foreign,,N,EditableStatement.graph_id,,METHOD,,
OmniSeqKnowledgebase2,ProteinExpressionMarker,synonyms_graph_id,varchar(100),Foreign,,N,EditableStringList.graph_id,,ALSO_NAMED,,
OmniSeqKnowledgebase2,ProteinExpressionMarker,genes_graph_id,varchar(100),Foreign,,N,EditableOmniGeneList.graph_id,,CODED_BY,,
OmniSeqKnowledgebase2,ProteinExpressionMarker,assay_graph_id,varchar(100),Foreign,,N,ProteinLevelAssay.graph_id,,ASSAY,,
OmniSeqKnowledgebase2,ProteinExpressionMarker,immunePhenotypes_graph_id,varchar(100),Foreign,,N,EditableImmunePhenotype.graph_id,,PHENO,,
OmniSeqKnowledgebase2,ProteinExpressionMarker,immuneFunctions_graph_id,varchar(100),Foreign,,N,EditableImmuneFunction.graph_id,,FUNCTION,,
OmniSeqKnowledgebase2,ProteinExpressionMarker,immuneCycleRoles_graph_id,varchar(100),Foreign,,N,EditableImmuneCycleRole.graph_id,,ROLE,,
OmniSeqKnowledgebase2,ProteinExpressionMarker,resultString_graph_id,varchar(100),Foreign,,N,EditableStatement.graph_id,,RESULT,,
OmniSeqKnowledgebase2,ProteinExpressionMarker,graph_id,varchar(100),Primary,N,N,,,,,
OmniSeqKnowledgebase2,MarkerProfile,name_graph_id,varchar(100),Foreign,,N,EditableStatement.graph_id,,NAMED,,
OmniSeqKnowledgebase2,MarkerProfile,method_graph_id,varchar(100),Foreign,,N,EditableStatement.graph_id,,METHOD,,
OmniSeqKnowledgebase2,MarkerProfile,conjunction_graph_id,varchar(100),Foreign,,N,EditableOmniConjunction.graph_id,,CONJUCTION,,
OmniSeqKnowledgebase2,MarkerProfile,components_graph_id,varchar(100),Foreign,,N,EditableOmniConjunction.graph_id,,COMPOSED_OF,,
OmniSeqKnowledgebase2,MarkerProfile,resultString_graph_id,varchar(100),Foreign,,N,EditableStatement.graph_id,,RESULT,,
OmniSeqKnowledgebase2,MarkerProfile,graph_id,varchar(100),Primary,N,N,,,,,
